2023,2,101,404-555-1001,69.87,289,77,152.89869689941406
2023,2,104,404-555-1004,18.39,926,438,506.98388671875
2023,2,106,404-555-1006,94.82,526,198,283.7481994628906
2023,2,108,404-555-1008,74.8,533,926,359.8479919433594
2023,2,109,404-555-1009,24.58,508,850,339.24578857421875
2023,2,110,404-555-1010,76.61,994,741,571.8660888671875
2023,2,111,404-555-1011,63.62,654,234,351.03619384765625
2023,2,112,404-555-1012,72.9,436,21,220.82901000976562
2023,2,113,404-555-1013,91.66,350,441,220.0166015625
2023,2,114,404-555-1014,31.76,318,16,160.9176025390625
2023,2,116,404-555-1016,98.1,174,945,182.4810028076172
2023,2,117,404-555-1017,73.27,389,379,233.1326904296875
2023,2,118,404-555-1018,26.98,477,904,329.1697998046875
2023,2,120,404-555-1020,10.77,675,988,436.40771484375
2023,2,121,404-555-1021,21.32,614,429,350.1131896972656
2023,2,122,404-555-1022,70.67,777,132,402.4067077636719
2023,2,123,404-555-1023,77.84,436,726,291.3783874511719
2023,2,124,404-555-1024,83.58,384,51,197.93580627441406
2023,2,125,404-555-1025,81.99,985,457,539.0198974609375
2023,2,126,404-555-1026,29.92,556,576,335.8992004394531
2023,2,127,404-555-1027,96.18,251,429,169.36180114746094
2023,2,128,404-555-1028,12.11,918,105,469.62109375
2023,2,129,404-555-1029,70.71,284,717,214.4071044921875
2023,2,130,404-555-1030,1.65,499,323,281.8164978027344
2023,2,131,404-555-1031,5.67,963,133,494.856689453125
2023,2,132,404-555-1032,4.52,884,968,538.84521484375
2023,2,134,404-555-1034,10.09,611,628,368.40087890625
2023,2,135,404-555-1035,28.18,975,853,573.081787109375
2023,2,137,404-555-1037,93.54,565,357,319.1354064941406
2023,2,138,404-555-1038,57.53,819,786,488.67529296875
2023,2,142,404-555-1042,74.0,552,478,324.53997802734375
2023,2,143,404-555-1043,15.88,486,717,314.8587951660156
2023,2,144,404-555-1044,50.01,556,124,290.90008544921875
2023,2,145,404-555-1045,54.25,352,991,275.6424865722656
2023,2,146,404-555-1046,41.6,192,703,166.71600341796875
2023,2,147,404-555-1047,75.96,747,348,409.0596008300781
2023,2,148,404-555-1048,0.83,775,508,438.30828857421875
2023,2,149,404-555-1049,5.74,184,913,183.35740661621094
2023,2,150,404-555-1050,31.39,805,681,470.9139099121094
2023,2,151,404-555-1051,76.67,498,233,273.0666809082031
2023,2,152,404-555-1052,28.24,587,128,306.5823974609375
2023,2,153,404-555-1053,7.16,389,634,257.9715881347656
2023,2,154,404-555-1054,4.42,234,737,190.74420166015625
2023,2,157,404-555-1057,25.85,979,639,553.6585083007812
2023,2,158,404-555-1058,36.3,804,512,453.5630187988281
2023,2,159,404-555-1059,97.9,786,486,442.5790100097656
2023,2,161,404-555-1061,79.88,864,127,445.4988098144531
2023,2,162,404-555-1062,17.44,719,786,438.2744140625
2023,2,163,404-555-1063,21.65,981,104,501.1164855957031
2023,2,164,404-555-1064,74.16,929,367,501.9416198730469
2023,2,165,404-555-1065,54.32,630,891,404.6432189941406
2023,2,168,404-555-1068,17.31,385,452,237.8730926513672
2023,2,169,404-555-1069,38.33,205,878,190.6833038330078
2023,2,170,404-555-1070,9.67,876,183,456.3966979980469
2023,2,172,404-555-1072,99.25,242,770,198.99249267578125
2023,2,173,404-555-1073,97.93,536,97,278.6793212890625
2023,2,174,404-555-1074,23.91,516,620,320.2391052246094
2023,2,175,404-555-1075,70.65,284,918,234.50650024414062
2023,2,176,404-555-1076,76.33,273,477,184.9633026123047
2023,2,180,404-555-1080,20.69,891,407,486.40692138671875
2023,2,181,404-555-1081,61.31,920,533,513.9130859375
2023,2,182,404-555-1082,81.23,301,525,203.8123016357422
2023,2,183,404-555-1083,6.51,492,534,299.465087890625
2023,2,184,404-555-1084,47.3,131,963,162.27301025390625
2023,2,185,404-555-1085,49.17,948,491,523.5916748046875
2023,2,186,404-555-1086,61.33,741,309,402.0133056640625
2023,2,187,404-555-1087,93.8,204,606,163.5380096435547
2023,2,189,404-555-1089,61.7,426,215,235.11700439453125
2023,2,190,404-555-1090,15.71,375,186,206.25711059570312
2023,2,191,404-555-1091,86.96,534,619,329.76959228515625
2023,2,192,404-555-1092,80.54,539,482,318.5054016113281
2023,2,193,404-555-1093,47.86,506,271,280.57861328125
2023,2,194,404-555-1094,91.8,367,991,283.51800537109375
2023,2,195,404-555-1095,75.95,772,25,389.2594909667969
2023,2,196,404-555-1096,49.02,231,390,154.99020385742188
2023,2,198,404-555-1098,93.79,598,116,311.53790283203125
2023,2,199,404-555-1099,72.92,627,331,347.3291931152344
2023,2,203,404-555-1103,71.71,503,318,284.01708984375
2023,2,205,404-555-1105,47.88,543,514,323.3787841796875
2023,2,206,404-555-1106,80.35,321,210,182.30349731445312
2023,2,207,404-555-1107,80.79,580,729,363.7078857421875
2023,2,208,404-555-1108,4.65,975,356,523.146484375
2023,2,209,404-555-1109,18.62,348,203,194.4862060546875
2023,2,210,404-555-1110,4.65,675,144,351.9465026855469
2023,2,211,404-555-1111,7.55,719,856,445.1755065917969
2023,2,213,404-555-1113,42.55,521,580,318.9255065917969
2023,2,215,404-555-1115,86.7,439,776,297.9670104980469
2023,2,216,404-555-1116,65.29,223,835,195.65289306640625
2023,2,217,404-555-1117,19.23,440,717,291.8923034667969
2023,2,218,404-555-1118,83.04,486,883,332.1304016113281
2023,2,219,404-555-1119,60.79,188,621,156.70790100097656
2023,2,220,404-555-1120,59.0,692,769,423.489990234375
2023,2,221,404-555-1121,11.58,928,516,515.7158203125
2023,2,222,404-555-1122,28.85,248,883,212.5885009765625
2023,2,223,404-555-1123,35.68,386,303,223.65679931640625
2023,2,224,404-555-1124,15.74,782,189,410.0574035644531
2023,2,225,404-555-1125,96.44,537,299,299.3643798828125
2023,2,226,404-555-1126,41.2,904,166,469.0119934082031
2023,2,227,404-555-1127,15.4,474,338,270.9540100097656
2023,2,228,404-555-1128,8.41,361,551,235.68411254882812
2023,2,229,404-555-1129,81.34,606,988,402.6134033203125
2023,2,230,404-555-1130,51.74,788,162,410.7174072265625
2023,2,231,404-555-1131,26.87,974,300,517.2686767578125
2023,2,232,404-555-1132,72.01,892,66,453.3200988769531
2023,2,233,404-555-1133,63.5,531,829,349.0350036621094
2023,2,234,404-555-1134,48.51,296,388,187.2851104736328
2023,2,235,404-555-1135,52.71,334,72,174.7270965576172
2023,2,236,404-555-1136,67.86,989,356,530.778564453125
2023,2,239,404-555-1139,15.92,964,345,516.6591796875
2023,2,240,404-555-1140,47.56,362,211,202.5756072998047
2023,2,241,404-555-1141,55.26,831,160,432.0526123046875
2023,2,242,404-555-1142,32.9,957,290,507.8290100097656
2023,2,243,404-555-1143,91.44,240,899,210.81439208984375
2023,2,244,404-555-1144,29.39,698,448,394.0939025878906
2023,2,245,404-555-1145,52.17,390,90,204.52169799804688
2023,2,246,404-555-1146,2.76,445,0,222.52760314941406
2023,2,247,404-555-1147,30.89,537,835,352.30889892578125
2023,2,248,404-555-1148,53.62,490,147,260.2362060546875
2023,2,249,404-555-1149,83.29,788,947,489.53289794921875
2023,2,251,404-555-1151,75.98,313,294,186.6597900390625
2023,2,253,404-555-1153,41.48,723,740,435.914794921875
2023,2,254,404-555-1154,88.86,525,383,301.6885986328125
2023,2,255,404-555-1155,36.87,411,310,236.8686981201172
2023,2,256,404-555-1156,31.75,251,392,165.0175018310547
2023,2,257,404-555-1157,8.39,678,814,420.48388671875
2023,2,259,404-555-1159,30.82,461,49,235.70819091796875
2023,2,260,404-555-1160,31.74,907,191,472.91741943359375
2023,2,261,404-555-1161,32.78,569,614,346.227783203125
2023,2,263,404-555-1163,8.27,692,171,363.1827087402344
2023,2,264,404-555-1164,79.27,548,913,366.09271240234375
2023,2,265,404-555-1165,12.47,282,834,224.52468872070312
2023,2,266,404-555-1166,56.23,907,803,534.3623046875
2023,2,267,404-555-1167,51.91,872,315,468.01910400390625
2023,2,268,404-555-1168,12.85,261,960,226.6284942626953
2023,2,269,404-555-1169,28.26,443,804,302.1825866699219
2023,2,270,404-555-1170,48.32,654,480,375.4831848144531
2023,2,272,404-555-1172,59.97,693,767,423.7997131347656
2023,2,273,404-555-1173,96.13,558,428,322.76129150390625
2023,2,274,404-555-1174,72.33,321,64,167.623291015625
2023,2,275,404-555-1175,93.8,531,672,333.63800048828125
2023,2,279,404-555-1179,4.41,420,482,258.2441101074219
2023,2,283,404-555-1183,33.0,423,533,265.1300048828125
2023,2,284,404-555-1184,28.8,855,328,460.5879821777344
2023,2,287,404-555-1187,46.61,701,909,441.8660888671875
2023,2,288,404-555-1188,14.11,896,461,494.2411193847656
2023,2,290,404-555-1190,61.73,755,850,463.1173095703125
2023,2,291,404-555-1191,44.45,848,24,426.844482421875
2023,2,292,404-555-1192,8.75,817,697,478.2875061035156
2023,2,293,404-555-1193,70.25,683,721,414.3025207519531
2023,2,294,404-555-1194,3.97,583,150,306.5397033691406
2023,2,295,404-555-1195,53.22,579,381,328.1322021484375
2023,2,296,404-555-1196,59.8,246,505,174.09799194335938
2023,2,297,404-555-1197,58.72,379,661,256.18719482421875
2023,2,298,404-555-1198,82.13,930,524,518.2213134765625
2023,2,300,404-555-1200,44.93,740,14,371.84930419921875
2023,2,301,404-555-1201,21.21,712,996,455.8121032714844
2023,2,303,404-555-1203,98.43,870,330,468.98431396484375
2023,2,304,404-555-1204,26.63,629,685,383.26629638671875
2023,2,305,404-555-1205,24.22,232,576,173.8422088623047
2023,2,306,404-555-1206,81.9,715,750,433.3190002441406
2023,2,307,404-555-1207,73.58,861,893,520.5358276367188
2023,2,308,404-555-1208,30.79,402,308,232.10791015625
2023,2,310,404-555-1210,79.37,549,296,304.8937072753906
2023,2,311,404-555-1211,82.25,876,601,498.9225158691406
2023,2,314,404-555-1214,46.51,377,801,269.0650939941406
2023,2,316,404-555-1216,57.77,598,821,381.6777038574219
2023,2,317,404-555-1217,86.76,195,824,180.76760864257812
2023,2,318,404-555-1218,18.9,376,444,232.5889892578125
2023,2,319,404-555-1219,99.42,420,328,243.79420471191406
2023,2,320,404-555-1220,58.24,663,346,366.6824035644531
2023,2,321,404-555-1221,15.15,903,601,511.7514953613281
2023,2,322,404-555-1222,75.35,422,414,253.15350341796875
2023,2,323,404-555-1223,38.37,351,173,193.18370056152344
2023,2,324,404-555-1224,73.62,376,66,195.33621215820312
2023,2,325,404-555-1225,92.94,375,544,242.82940673828125
2023,2,327,404-555-1227,58.95,413,533,260.3894958496094
2023,2,329,404-555-1229,20.23,555,162,293.9023132324219
2023,2,332,404-555-1232,72.54,903,153,467.525390625
2023,2,333,404-555-1233,36.32,590,789,374.26318359375
2023,2,334,404-555-1234,5.13,974,383,525.351318359375
2023,2,337,404-555-1237,3.81,470,762,311.23809814453125
2023,2,338,404-555-1238,61.06,993,824,579.5106201171875
2023,2,339,404-555-1239,76.04,648,837,408.4604187011719
2023,2,342,404-555-1242,44.23,361,993,280.2423095703125
2023,2,343,404-555-1243,91.84,247,310,155.41839599609375
2023,2,344,404-555-1244,71.72,428,156,230.31719970703125
2023,2,345,404-555-1245,60.8,427,647,278.8080139160156
2023,2,346,404-555-1246,7.68,423,828,294.3768005371094
2023,2,347,404-555-1247,48.71,735,486,416.58709716796875
2023,2,348,404-555-1248,6.8,199,957,195.26800537109375
2023,2,349,404-555-1249,60.45,593,797,376.80450439453125
2023,2,353,404-555-1253,95.01,203,658,168.25010681152344
2023,2,354,404-555-1254,76.91,369,597,244.96910095214844
2023,2,356,404-555-1256,12.93,915,846,542.2293090820312
2023,2,357,404-555-1257,79.39,946,472,520.993896484375
2023,2,358,404-555-1258,49.34,730,439,409.3934020996094
2023,2,360,404-555-1260,12.31,759,857,465.3231201171875
2023,2,361,404-555-1261,94.04,549,517,327.1404113769531
2023,2,362,404-555-1262,95.63,603,328,335.25628662109375
2023,2,363,404-555-1263,52.8,178,947,184.22799682617188
2023,2,364,404-555-1264,32.88,793,654,462.2287902832031
2023,2,367,404-555-1267,34.6,963,962,578.0460205078125
2023,2,368,404-555-1268,72.05,684,4,343.1204833984375
2023,2,370,404-555-1270,34.44,764,986,480.94439697265625
2023,2,374,404-555-1274,86.45,469,854,320.7644958496094
2023,2,375,404-555-1275,90.55,591,746,371.0054931640625
2023,2,376,404-555-1276,77.29,599,452,345.472900390625
2023,2,377,404-555-1277,21.72,960,398,520.0172119140625
2023,2,378,404-555-1278,56.8,552,309,307.4679870605469
2023,2,379,404-555-1279,47.88,601,591,360.07879638671875
2023,2,380,404-555-1280,64.97,333,829,250.04971313476562
2023,2,382,404-555-1282,93.39,167,908,175.23390197753906
2023,2,384,404-555-1284,51.98,365,641,247.11981201171875
2023,2,386,404-555-1286,76.21,720,537,414.46209716796875
2023,2,387,404-555-1287,52.61,673,477,384.7261047363281
2023,2,388,404-555-1288,97.4,454,952,323.17401123046875
2023,2,389,404-555-1289,7.79,513,533,309.8778991699219
2023,2,390,404-555-1290,92.14,903,972,549.6213989257812
2023,2,391,404-555-1291,5.06,563,817,363.2506103515625
2023,2,392,404-555-1292,18.36,990,8,495.98358154296875
2023,2,393,404-555-1293,41.89,709,627,417.6189270019531
2023,2,395,404-555-1295,42.98,320,126,173.02980041503906
2023,2,396,404-555-1296,21.88,694,664,413.6188049316406
2023,2,397,404-555-1297,33.52,729,597,424.53521728515625
2023,2,398,404-555-1298,31.55,299,160,165.8155059814453
2023,2,399,404-555-1299,79.96,608,297,334.4996032714844
2023,2,401,404-555-1301,12.34,716,749,433.0234069824219
2023,2,402,404-555-1302,50.94,602,312,332.70941162109375
2023,2,404,404-555-1304,13.08,447,507,274.330810546875
2023,2,406,404-555-1306,75.16,437,610,280.2515869140625
2023,2,408,404-555-1308,57.6,829,321,447.1759948730469
2023,2,409,404-555-1309,90.4,827,678,482.2039794921875
2023,2,412,404-555-1312,21.12,924,577,519.9111938476562
2023,2,414,404-555-1314,52.64,527,255,289.5263977050781
2023,2,415,404-555-1315,78.87,763,789,461.1886901855469
2023,2,416,404-555-1316,5.46,484,331,275.15460205078125
2023,2,417,404-555-1317,6.8,477,622,300.76800537109375
2023,2,418,404-555-1318,46.69,928,112,475.6669006347656
2023,2,419,404-555-1319,66.7,805,817,484.86700439453125
2023,2,420,404-555-1320,87.46,374,109,198.77459716796875
2023,2,421,404-555-1321,39.28,806,594,462.79278564453125
2023,2,422,404-555-1322,12.42,862,295,460.62420654296875
2023,2,423,404-555-1323,16.6,848,725,496.6659851074219
2023,2,424,404-555-1324,70.86,607,690,373.2085876464844
2023,2,425,404-555-1325,57.53,400,799,280.4753112792969
2023,2,426,404-555-1326,0.81,353,527,229.20809936523438
2023,2,428,404-555-1328,85.37,498,236,273.4537048339844
2023,2,430,404-555-1330,46.56,184,713,163.76559448242188
2023,2,431,404-555-1331,54.74,555,847,362.7474060058594
2023,2,432,404-555-1332,6.77,301,383,188.86770629882812
2023,2,433,404-555-1333,15.2,354,751,252.25198364257812
2023,2,434,404-555-1334,47.33,871,366,472.57330322265625
2023,2,435,404-555-1335,25.3,496,886,336.8529968261719
2023,2,436,404-555-1336,48.66,781,996,490.58660888671875
2023,2,437,404-555-1337,72.96,456,947,323.4295959472656
2023,2,438,404-555-1338,10.32,357,761,254.70318603515625
2023,2,439,404-555-1339,43.12,880,141,454.5312194824219
2023,2,440,404-555-1340,26.27,964,774,559.6627197265625
2023,2,441,404-555-1341,33.98,613,178,324.6398010253906
2023,2,442,404-555-1342,67.52,189,556,150.77520751953125
2023,2,443,404-555-1343,16.44,980,64,496.56439208984375
2023,2,444,404-555-1344,67.02,217,708,179.97019958496094
2023,2,445,404-555-1345,95.78,851,526,479.05780029296875
2023,2,447,404-555-1347,93.85,700,389,389.8385009765625
2023,2,448,404-555-1348,31.71,383,876,279.4170837402344
2023,2,449,404-555-1349,28.28,987,553,549.0828247070312
2023,2,450,404-555-1350,2.49,749,324,406.9248962402344
2023,2,451,404-555-1351,92.67,132,921,159.02670288085938
2023,2,452,404-555-1352,62.72,421,329,244.02719116210938
2023,2,453,404-555-1353,14.11,398,733,272.44110107421875
2023,2,454,404-555-1354,52.93,930,90,474.529296875
2023,2,456,404-555-1356,27.18,629,921,406.8717956542969
2023,2,457,404-555-1357,65.64,649,518,376.9563903808594
2023,2,458,404-555-1358,6.19,558,112,290.26190185546875
2023,2,460,404-555-1360,21.71,834,662,483.4171142578125
2023,2,461,404-555-1361,74.33,396,396,238.3433074951172
2023,2,462,404-555-1362,32.14,797,10,399.8214111328125
2023,2,463,404-555-1363,55.92,481,590,300.0592041015625
2023,2,464,404-555-1364,31.12,649,694,394.211181640625
2023,2,465,404-555-1365,83.84,846,213,445.1383972167969
2023,2,467,404-555-1367,77.36,892,457,492.4736022949219
2023,2,468,404-555-1368,32.31,745,169,389.72308349609375
2023,2,470,404-555-1370,83.47,810,744,480.23468017578125
2023,2,472,404-555-1372,34.32,830,343,449.6431884765625
2023,2,473,404-555-1373,21.25,564,126,294.8125
2023,2,474,404-555-1374,64.38,465,322,265.34381103515625
2023,2,476,404-555-1376,86.81,271,867,223.068115234375
2023,2,477,404-555-1377,48.83,968,498,534.288330078125
2023,2,478,404-555-1378,55.36,484,409,283.45361328125
2023,2,480,404-555-1380,48.96,343,529,224.88958740234375
2023,2,481,404-555-1381,37.9,916,38,462.1789855957031
2023,2,482,404-555-1382,64.91,874,330,470.64910888671875
2023,2,483,404-555-1383,74.22,492,739,320.6422119140625
2023,2,484,404-555-1384,25.14,642,495,370.75140380859375
2023,2,485,404-555-1385,10.66,245,848,207.40660095214844
2023,2,487,404-555-1387,12.53,225,621,174.7252960205078
2023,2,489,404-555-1389,2.42,269,674,201.9241943359375
2023,2,490,404-555-1390,73.59,294,482,195.93589782714844
2023,2,491,404-555-1391,16.46,439,775,297.16461181640625
2023,2,492,404-555-1392,45.58,369,681,253.0557861328125
2023,2,493,404-555-1393,17.88,384,967,288.8788146972656
2023,2,494,404-555-1394,86.31,863,416,473.9631042480469
2023,2,495,404-555-1395,24.4,214,570,164.24400329589844
2023,2,497,404-555-1397,27.16,500,421,292.3716125488281
2023,2,498,404-555-1398,98.73,316,106,169.58731079101562
2023,2,499,404-555-1399,77.05,679,708,411.07049560546875
2023,2,500,404-555-1400,75.32,952,311,507.85321044921875
2023,2,501,404-555-1401,88.71,341,877,259.08709716796875
2023,2,502,404-555-1402,96.56,302,323,184.26560974121094
2023,2,504,404-555-1404,6.61,480,128,252.86610412597656
2023,2,505,404-555-1405,50.27,483,614,303.4027099609375
2023,2,506,404-555-1406,94.27,560,263,307.24267578125
2023,2,507,404-555-1407,36.07,507,216,275.460693359375
2023,2,508,404-555-1408,82.86,722,210,382.82861328125
2023,2,510,404-555-1410,74.98,369,464,231.64981079101562
2023,2,511,404-555-1411,33.11,396,433,241.631103515625
2023,2,512,404-555-1412,95.14,699,444,394.85137939453125
2023,2,513,404-555-1413,89.53,605,372,340.5953063964844
2023,2,515,404-555-1415,46.99,504,746,327.06988525390625
2023,2,517,404-555-1417,17.4,783,392,430.8740234375
2023,2,520,404-555-1420,55.61,420,347,245.256103515625
2023,2,521,404-555-1421,27.81,623,121,323.87811279296875
2023,2,522,404-555-1422,2.27,189,681,162.62269592285156
2023,2,523,404-555-1423,64.37,187,970,191.14370727539062
2023,2,524,404-555-1424,63.3,156,922,170.8330078125
2023,2,525,404-555-1425,30.03,862,651,496.4002990722656
2023,2,526,404-555-1426,30.46,778,415,430.8045959472656
2023,2,527,404-555-1427,36.2,773,176,404.4620056152344
2023,2,528,404-555-1428,53.4,348,325,207.03399658203125
2023,2,530,404-555-1430,41.03,405,15,204.41029357910156
2023,2,531,404-555-1431,94.01,363,90,191.44009399414062
2023,2,532,404-555-1432,7.78,341,650,235.5778045654297
2023,2,533,404-555-1433,54.86,627,484,362.4486083984375
2023,2,534,404-555-1434,89.08,462,900,321.89080810546875
2023,2,535,404-555-1435,94.58,463,389,271.3457946777344
2023,2,536,404-555-1436,20.95,973,710,557.70947265625
2023,2,537,404-555-1437,82.7,727,726,436.927001953125
2023,2,538,404-555-1438,94.5,180,887,179.64500427246094
2023,2,539,404-555-1439,99.33,314,264,184.39329528808594
2023,2,540,404-555-1440,87.83,335,509,219.27828979492188
2023,2,541,404-555-1441,15.03,548,651,339.25030517578125
2023,2,542,404-555-1442,54.32,389,949,289.9432067871094
2023,2,543,404-555-1443,4.14,883,181,459.64141845703125
2023,2,544,404-555-1444,59.84,846,971,520.6983642578125
2023,2,545,404-555-1445,80.96,137,996,168.90960693359375
2023,2,546,404-555-1446,56.0,278,340,173.55999755859375
2023,2,547,404-555-1447,54.05,636,474,365.94049072265625
2023,2,551,404-555-1451,26.97,313,486,205.3697052001953
2023,2,553,404-555-1453,19.32,795,391,436.793212890625
2023,2,554,404-555-1454,16.42,320,273,187.46420288085938
2023,2,555,404-555-1455,21.87,429,609,275.61871337890625
2023,2,556,404-555-1456,9.3,629,693,383.89300537109375
2023,2,557,404-555-1457,38.89,922,121,473.4888916015625
2023,2,558,404-555-1458,72.25,994,681,565.822509765625
2023,2,559,404-555-1459,90.75,635,116,330.00750732421875
2023,2,561,404-555-1461,1.52,459,889,318.4151916503906
2023,2,562,404-555-1462,16.12,292,468,192.96119689941406
2023,2,563,404-555-1463,69.08,966,727,556.3908081054688
2023,2,564,404-555-1464,97.66,516,206,279.57659912109375
2023,2,565,404-555-1465,71.64,878,129,452.61639404296875
2023,2,566,404-555-1466,23.35,174,650,152.23348999023438
2023,2,567,404-555-1467,39.18,653,529,379.79180908203125
2023,2,568,404-555-1468,79.76,827,171,431.3976135253906
2023,2,572,404-555-1472,13.18,800,287,428.8318176269531
2023,2,573,404-555-1473,22.53,521,784,339.12530517578125
2023,2,574,404-555-1474,23.09,341,964,267.1308898925781
2023,2,575,404-555-1475,80.03,295,731,221.40029907226562
2023,2,576,404-555-1476,96.22,235,873,205.76220703125
2023,2,577,404-555-1477,44.86,693,524,399.3486022949219
2023,2,578,404-555-1478,14.09,644,432,365.3409118652344
2023,2,579,404-555-1479,2.53,556,951,373.12530517578125
2023,2,580,404-555-1480,26.36,800,706,470.8636169433594
2023,2,581,404-555-1481,87.42,612,14,308.2742004394531
2023,2,582,404-555-1482,20.16,977,719,560.6016235351562
2023,2,583,404-555-1483,18.51,344,875,259.68511962890625
2023,2,584,404-555-1484,31.77,786,725,465.81768798828125
2023,2,585,404-555-1485,97.55,422,790,290.9754943847656
2023,2,586,404-555-1486,39.49,435,230,240.8948974609375
2023,2,587,404-555-1487,6.81,635,408,358.36810302734375
2023,2,588,404-555-1488,94.04,594,525,350.4403991699219
2023,2,590,404-555-1490,89.26,435,772,295.59259033203125
2023,2,591,404-555-1491,46.52,915,113,469.26519775390625
2023,2,593,404-555-1493,23.13,501,397,290.4313049316406
2023,2,595,404-555-1495,47.69,627,463,360.2768859863281
2023,2,596,404-555-1496,68.71,746,822,455.8871154785156
2023,2,597,404-555-1497,8.62,393,946,291.1861877441406
2023,2,598,404-555-1498,78.03,299,262,176.4803009033203
2023,2,599,404-555-1499,25.96,477,393,278.0596008300781
2023,2,600,404-555-1500,24.27,356,285,206.74270629882812
2023,2,601,404-555-1501,74.53,532,616,328.3453063964844
2023,2,602,404-555-1502,58.65,868,416,476.1864929199219
2023,2,603,404-555-1503,37.45,413,257,232.57449340820312
2023,2,604,404-555-1504,83.93,867,684,502.7392883300781
2023,2,606,404-555-1506,77.39,915,930,551.27392578125
2023,2,607,404-555-1507,55.46,307,242,178.2545928955078
2023,2,608,404-555-1508,63.18,391,146,210.7318115234375
2023,2,610,404-555-1510,96.82,667,550,389.46820068359375
2023,2,611,404-555-1511,11.19,709,373,391.9118957519531
2023,2,612,404-555-1512,52.95,645,803,403.32952880859375
2023,2,613,404-555-1513,5.84,734,933,460.3583984375
2023,2,614,404-555-1514,25.4,272,390,175.25399780273438
2023,2,615,404-555-1515,46.38,759,754,455.3638000488281
2023,2,617,404-555-1517,33.33,331,204,186.23329162597656
2023,2,618,404-555-1518,45.65,329,459,210.85650634765625
2023,2,619,404-555-1519,61.12,928,219,486.5111999511719
2023,2,621,404-555-1521,20.28,300,866,236.80279541015625
2023,2,622,404-555-1522,83.37,729,660,431.3337097167969
2023,2,623,404-555-1523,53.97,946,260,499.5397033691406
2023,2,624,404-555-1524,9.24,509,397,294.29241943359375
2023,2,625,404-555-1525,8.41,873,995,536.0841064453125
2023,2,626,404-555-1526,29.41,621,639,374.694091796875
2023,2,630,404-555-1530,99.81,799,166,417.0981140136719
2023,2,631,404-555-1531,14.65,450,410,266.146484375
2023,2,632,404-555-1532,41.37,333,455,212.4136962890625
2023,2,633,404-555-1533,76.67,965,146,497.86669921875
2023,2,634,404-555-1534,9.97,256,952,223.29971313476562
2023,2,635,404-555-1535,86.9,240,674,188.26901245117188
2023,2,636,404-555-1536,9.8,660,226,352.697998046875
2023,2,637,404-555-1537,12.36,583,904,382.0235900878906
2023,2,639,404-555-1539,29.33,492,228,269.0932922363281
2023,2,640,404-555-1540,47.38,790,139,409.373779296875
2023,2,641,404-555-1541,0.57,818,90,418.0057067871094
2023,2,642,404-555-1542,89.83,863,33,435.6982727050781
2023,2,644,404-555-1544,93.95,498,267,276.6394958496094
2023,2,645,404-555-1545,78.83,788,488,443.5882873535156
2023,2,647,404-555-1547,6.4,657,656,394.16400146484375
2023,2,648,404-555-1548,96.62,823,791,491.5661926269531
2023,2,650,404-555-1550,38.02,847,502,474.0802001953125
2023,2,651,404-555-1551,73.11,872,902,526.9310913085938
2023,2,652,404-555-1552,68.12,406,687,272.3811950683594
2023,2,653,404-555-1553,72.26,217,853,194.52261352539062
2023,2,655,404-555-1555,35.64,716,184,376.75640869140625
2023,2,656,404-555-1556,15.56,922,359,497.05560302734375
2023,2,657,404-555-1557,62.5,961,469,528.0250244140625
2023,2,658,404-555-1558,21.7,719,956,455.3170166015625
2023,2,659,404-555-1559,32.36,539,352,305.02362060546875
2023,2,660,404-555-1560,27.19,480,460,286.27191162109375
2023,2,662,404-555-1562,63.36,288,717,216.3336181640625
2023,2,663,404-555-1563,7.08,465,472,279.77081298828125
2023,2,664,404-555-1564,12.94,778,581,447.2294006347656
2023,2,666,404-555-1566,50.57,882,316,473.105712890625
2023,2,667,404-555-1567,21.71,436,42,222.41709899902344
2023,2,669,404-555-1569,14.75,169,842,168.84750366210938
2023,2,670,404-555-1570,80.2,644,496,372.4020080566406
2023,2,672,404-555-1572,15.55,467,134,247.0554962158203
2023,2,674,404-555-1574,63.43,691,895,435.6343078613281
2023,2,675,404-555-1575,64.8,206,875,191.14801025390625
2023,2,676,404-555-1576,88.18,964,197,502.5818176269531
2023,2,677,404-555-1577,75.35,896,948,543.5535278320312
2023,2,678,404-555-1578,45.44,668,156,350.0544128417969
2023,2,680,404-555-1580,31.82,774,114,398.71820068359375
2023,2,681,404-555-1581,26.26,741,626,433.36260986328125
2023,2,682,404-555-1582,3.99,920,809,540.9398803710938
2023,2,683,404-555-1583,28.29,671,373,373.0828857421875
2023,2,684,404-555-1584,47.87,972,816,568.0786743164062
2023,2,685,404-555-1585,55.59,653,731,400.1559143066406
2023,2,687,404-555-1587,63.65,645,353,358.4364929199219
2023,2,689,404-555-1589,88.54,819,305,440.8854064941406
2023,2,690,404-555-1590,48.9,280,97,150.18899536132812
2023,2,691,404-555-1591,76.42,334,640,231.7642059326172
2023,2,692,404-555-1592,85.56,608,898,394.65557861328125
2023,2,693,404-555-1593,76.31,994,84,506.1630859375
2023,2,694,404-555-1594,89.37,736,264,395.293701171875
2023,2,695,404-555-1595,22.39,973,982,584.9238891601562
2023,2,697,404-555-1597,19.13,800,746,474.79132080078125
2023,2,698,404-555-1598,62.94,758,678,447.42938232421875
2023,2,699,404-555-1599,7.46,445,147,237.27459716796875
2023,2,701,404-555-1601,16.28,438,647,283.86279296875
2023,2,702,404-555-1602,69.83,488,513,295.998291015625
2023,2,703,404-555-1603,21.88,476,362,274.4187927246094
2023,2,705,404-555-1605,6.26,373,948,281.36260986328125
2023,2,707,404-555-1607,7.95,975,212,508.7795104980469
2023,2,708,404-555-1608,86.74,678,446,384.4674072265625
2023,2,709,404-555-1609,76.79,448,421,266.8678894042969
2023,2,710,404-555-1610,15.26,689,59,350.5525817871094
2023,2,711,404-555-1611,22.44,826,30,416.2243957519531
2023,2,712,404-555-1612,21.86,459,771,306.818603515625
2023,2,713,404-555-1613,83.38,497,363,285.6337890625
2023,2,714,404-555-1614,97.42,513,306,288.07421875
2023,2,715,404-555-1615,38.66,369,4,185.28659057617188
2023,2,716,404-555-1616,22.21,814,743,481.5220947265625
2023,2,717,404-555-1617,48.71,970,760,561.487060546875
2023,2,718,404-555-1618,31.69,346,13,174.6168975830078
2023,2,719,404-555-1619,84.32,688,493,394.1431884765625
2023,2,720,404-555-1620,4.72,926,315,494.5472106933594
2023,2,721,404-555-1621,58.56,763,658,447.8856201171875
2023,2,722,404-555-1622,83.96,540,746,345.4396057128906
2023,2,723,404-555-1623,78.82,372,956,282.38818359375
2023,2,724,404-555-1624,94.5,383,613,253.74501037597656
2023,2,725,404-555-1625,89.66,921,135,474.8966064453125
2023,2,726,404-555-1626,70.93,772,314,418.1092834472656
2023,2,727,404-555-1627,56.97,284,328,175.3697052001953
2023,2,728,404-555-1628,16.59,751,941,469.7658996582031
2023,2,729,404-555-1629,20.74,538,208,290.00738525390625
2023,2,730,404-555-1630,81.65,439,588,279.1164855957031
2023,2,731,404-555-1631,2.21,287,67,150.2220916748047
2023,2,732,404-555-1632,96.14,660,616,392.5614013671875
2023,2,733,404-555-1633,90.28,603,657,368.1028137207031
2023,2,734,404-555-1634,47.6,938,697,539.176025390625
2023,2,735,404-555-1635,61.36,451,663,292.4136047363281
2023,2,736,404-555-1636,94.77,907,702,524.647705078125
2023,2,737,404-555-1637,78.37,858,860,515.78369140625
2023,2,739,404-555-1639,39.95,840,214,441.79949951171875
2023,2,740,404-555-1640,46.88,541,578,328.768798828125
2023,2,741,404-555-1641,39.02,222,598,171.19020080566406
2023,2,743,404-555-1643,42.55,743,424,414.32550048828125
2023,2,745,404-555-1645,83.75,632,122,329.0375061035156
2023,2,748,404-555-1648,96.22,880,240,464.9621887207031
2023,2,749,404-555-1649,85.06,150,954,171.2506103515625
2023,2,750,404-555-1650,99.45,781,998,491.29449462890625
2023,2,751,404-555-1651,40.17,314,893,246.7017059326172
2023,2,753,404-555-1653,3.51,579,700,359.53509521484375
2023,2,754,404-555-1654,68.31,590,611,356.7831115722656
2023,2,755,404-555-1655,68.48,695,967,444.88482666015625
2023,2,756,404-555-1656,83.96,840,200,440.839599609375
2023,2,757,404-555-1657,47.94,853,122,439.1794128417969
2023,2,759,404-555-1659,79.15,383,83,200.5915069580078
2023,2,760,404-555-1660,28.15,583,80,299.781494140625
2023,2,762,404-555-1662,72.23,137,832,152.42230224609375
2023,2,763,404-555-1663,84.93,967,965,580.8493041992188
2023,2,764,404-555-1664,56.73,466,371,270.66729736328125
2023,2,765,404-555-1665,31.5,603,197,321.5150146484375
2023,2,766,404-555-1666,19.75,687,971,440.7975158691406
2023,2,767,404-555-1667,22.33,671,959,431.623291015625
2023,2,768,404-555-1668,30.5,717,707,429.5050048828125
2023,2,769,404-555-1669,11.42,446,340,257.11419677734375
2023,2,770,404-555-1670,64.17,427,427,256.8417053222656
2023,2,771,404-555-1671,37.12,813,989,505.77117919921875
2023,2,772,404-555-1672,49.71,987,220,515.9970703125
2023,2,773,404-555-1673,67.55,719,260,386.1755065917969
2023,2,775,404-555-1675,49.94,984,391,531.599365234375
2023,2,776,404-555-1676,52.79,767,831,467.1278991699219
2023,2,778,404-555-1678,96.54,961,673,548.765380859375
2023,2,779,404-555-1679,31.27,887,698,513.6127319335938
2023,2,780,404-555-1680,76.14,812,638,470.5614013671875
2023,2,781,404-555-1681,42.29,339,587,228.62289428710938
2023,2,782,404-555-1682,68.81,840,7,421.38812255859375
2023,2,783,404-555-1683,39.15,806,136,416.99151611328125
2023,2,785,404-555-1685,72.51,394,356,233.32510375976562
2023,2,787,404-555-1687,15.22,461,790,309.6522216796875
2023,2,789,404-555-1689,45.27,971,463,532.252685546875
2023,2,790,404-555-1690,50.29,737,53,374.3028869628906
2023,2,792,404-555-1692,49.97,475,934,331.3996887207031
2023,2,793,404-555-1693,94.81,659,445,374.9480895996094
2023,2,794,404-555-1694,12.07,546,95,282.6206970214844
2023,2,795,404-555-1695,37.26,671,684,404.2725830078125
2023,2,796,404-555-1696,23.29,505,115,264.23291015625
2023,2,797,404-555-1697,26.8,292,479,194.16799926757812
2023,2,798,404-555-1698,20.11,372,323,218.5010986328125
2023,2,799,404-555-1699,70.92,379,366,226.8092041015625
2023,2,800,404-555-1700,14.59,166,779,161.0458984375
2023,2,801,404-555-1701,39.01,238,887,208.09010314941406
2023,2,802,404-555-1702,29.79,562,824,363.6979064941406
2023,2,803,404-555-1703,84.3,362,733,255.14300537109375
2023,2,804,404-555-1704,91.71,942,41,476.0171203613281
2023,2,805,404-555-1705,55.43,623,899,401.95428466796875
2023,2,806,404-555-1706,34.28,732,544,420.7427978515625
2023,2,807,404-555-1707,93.65,249,570,182.43649291992188
2023,2,809,404-555-1709,67.49,925,474,510.57489013671875
2023,2,810,404-555-1710,59.72,976,488,537.397216796875
2023,2,811,404-555-1711,33.34,731,97,375.5334167480469
2023,2,814,404-555-1714,87.81,208,973,202.1781005859375
2023,2,815,404-555-1715,21.09,553,647,341.4109191894531
2023,2,816,404-555-1716,39.62,497,532,302.09619140625
2023,2,817,404-555-1717,11.09,897,221,470.7109069824219
2023,2,819,404-555-1719,75.21,665,243,357.5520935058594
2023,2,821,404-555-1721,40.23,389,571,252.00230407714844
2023,2,822,404-555-1722,47.83,826,829,496.3782958984375
2023,2,823,404-555-1723,31.09,840,211,441.4109191894531
2023,2,825,404-555-1725,91.21,747,612,435.61212158203125
2023,2,826,404-555-1726,23.19,787,693,463.03192138671875
2023,2,827,404-555-1727,28.98,829,662,480.98980712890625
2023,2,828,404-555-1728,41.43,749,546,429.5143127441406
2023,2,829,404-555-1729,1.16,977,250,513.5115966796875
2023,2,830,404-555-1730,55.28,651,358,361.852783203125
2023,2,832,404-555-1732,49.94,817,610,469.9993896484375
2023,2,833,404-555-1733,46.94,604,785,380.9693908691406
2023,2,835,404-555-1735,59.53,964,579,540.4953002929688
2023,2,836,404-555-1736,0.08,289,596,204.10079956054688
2023,2,837,404-555-1737,34.09,762,287,410.0409240722656
2023,2,838,404-555-1738,46.58,649,669,391.86578369140625
2023,2,840,404-555-1740,76.18,649,99,335.16180419921875
2023,2,841,404-555-1741,24.86,611,52,310.9486083984375
2023,2,842,404-555-1742,18.46,975,396,527.2846069335938
2023,2,843,404-555-1743,38.55,418,577,267.08551025390625
2023,2,844,404-555-1744,58.62,927,436,507.68621826171875
2023,2,845,404-555-1745,39.04,883,277,469.5904235839844
2023,2,846,404-555-1746,88.83,626,491,362.9883117675781
2023,2,847,404-555-1747,71.49,903,377,489.9149169921875
2023,2,850,404-555-1750,83.66,683,349,377.2366027832031
2023,2,851,404-555-1751,52.45,767,643,448.32452392578125
2023,2,852,404-555-1752,69.36,345,742,247.39361572265625
2023,2,854,404-555-1754,10.47,406,925,295.6047058105469
2023,2,855,404-555-1755,96.43,373,567,244.16429138183594
2023,2,857,404-555-1757,95.48,311,588,215.2548065185547
2023,2,858,404-555-1758,7.01,306,974,250.4700927734375
2023,2,859,404-555-1759,56.9,732,926,459.16900634765625
2023,2,860,404-555-1760,56.45,418,621,271.66448974609375
2023,2,861,404-555-1761,89.13,261,251,156.49130249023438
2023,2,863,404-555-1763,31.64,430,180,233.31640625
2023,2,865,404-555-1765,61.43,639,54,325.5142822265625
2023,2,867,404-555-1767,9.78,878,529,491.997802734375
2023,2,868,404-555-1768,21.96,193,859,182.61959838867188
2023,2,869,404-555-1769,87.08,964,924,575.2708129882812
2023,2,870,404-555-1770,90.93,272,567,193.6092987060547
2023,2,871,404-555-1771,59.91,586,286,322.1990966796875
2023,2,874,404-555-1774,35.73,882,577,499.05731201171875
2023,2,875,404-555-1775,79.53,616,324,341.1952819824219
2023,2,876,404-555-1776,30.5,582,539,345.2049865722656
2023,2,877,404-555-1777,63.32,758,958,475.4332275390625
2023,2,879,404-555-1779,32.52,411,824,288.2251892089844
2023,2,880,404-555-1780,66.39,977,336,522.763916015625
2023,2,881,404-555-1781,65.53,861,67,437.8553161621094
2023,2,882,404-555-1782,92.28,752,190,395.92279052734375
2023,2,884,404-555-1784,38.7,771,612,447.0870056152344
2023,2,885,404-555-1785,98.95,144,791,152.08950805664062
2023,2,887,404-555-1787,53.3,895,76,455.63299560546875
2023,2,888,404-555-1788,32.22,437,923,311.1221923828125
2023,2,889,404-555-1789,80.75,523,143,276.60748291015625
2023,2,890,404-555-1790,31.07,475,278,265.6106872558594
2023,2,891,404-555-1791,87.24,776,472,436.0724182128906
2023,2,892,404-555-1792,75.07,773,472,434.4507141113281
2023,2,893,404-555-1793,81.72,486,78,251.61720275878906
2023,2,894,404-555-1794,11.02,571,154,301.01019287109375
2023,2,895,404-555-1795,65.35,668,914,426.0534973144531
2023,2,896,404-555-1796,73.89,369,150,200.23890686035156
2023,2,897,404-555-1797,31.65,240,875,207.81649780273438
2023,2,899,404-555-1799,67.71,915,268,484.9770812988281
2023,2,901,404-555-1801,76.68,945,965,569.766845703125
2023,2,902,404-555-1802,88.05,885,818,525.1804809570312
2023,2,903,404-555-1803,56.92,946,728,546.3692016601562
2023,2,904,404-555-1804,13.17,738,296,398.7317199707031
2023,2,906,404-555-1806,0.35,380,251,215.10350036621094
2023,2,907,404-555-1807,40.24,281,207,161.60240173339844
2023,2,908,404-555-1808,57.87,496,152,263.7787170410156
2023,2,909,404-555-1809,9.14,867,350,468.5914001464844
2023,2,911,404-555-1811,61.31,547,144,288.5130920410156
2023,2,912,404-555-1812,38.36,348,843,258.68359375
2023,2,913,404-555-1813,27.72,617,815,390.2771911621094
2023,2,914,404-555-1814,30.01,822,386,449.9001159667969
2023,2,916,404-555-1816,92.07,339,135,183.9207000732422
2023,2,918,404-555-1818,80.87,220,531,163.90870666503906
2023,2,919,404-555-1819,67.31,676,886,427.2731018066406
2023,2,921,404-555-1821,13.17,747,203,393.93170166015625
2023,2,924,404-555-1824,13.5,600,758,375.93499755859375
2023,2,927,404-555-1827,83.89,307,511,205.43890380859375
2023,2,928,404-555-1828,74.42,884,331,475.8442077636719
2023,2,929,404-555-1829,56.2,949,995,574.56201171875
2023,2,930,404-555-1830,99.73,904,216,474.5973205566406
2023,2,931,404-555-1831,59.35,897,184,467.4934997558594
2023,2,932,404-555-1832,46.14,837,983,517.2614135742188
2023,2,933,404-555-1833,33.43,333,791,245.93429565429688
2023,2,935,404-555-1835,13.77,993,276,524.2376708984375
2023,2,937,404-555-1837,48.55,836,247,443.1855163574219
2023,2,938,404-555-1838,97.86,761,430,424.4786071777344
2023,2,939,404-555-1839,34.9,242,862,207.54901123046875
2023,2,941,404-555-1841,77.14,670,522,387.9714050292969
2023,2,942,404-555-1842,87.45,644,921,414.9745178222656
2023,2,943,404-555-1843,85.53,544,838,356.6552734375
2023,2,944,404-555-1844,56.31,900,168,467.36309814453125
2023,2,947,404-555-1847,84.06,982,541,545.9406127929688
2023,2,948,404-555-1848,62.37,334,707,238.32369995117188
2023,2,950,404-555-1850,53.6,756,593,437.83599853515625
2023,2,952,404-555-1852,30.42,355,10,178.80419921875
2023,2,954,404-555-1854,84.71,721,770,438.34710693359375
2023,2,955,404-555-1855,46.31,232,817,198.16310119628906
2023,2,956,404-555-1856,81.81,826,572,471.01812744140625
2023,2,958,404-555-1858,90.35,487,816,326.0035095214844
2023,2,959,404-555-1859,4.93,190,937,188.74929809570312
2023,2,960,404-555-1860,15.86,523,271,288.75860595703125
2023,2,962,404-555-1862,60.71,557,115,290.6070861816406
2023,2,963,404-555-1863,52.92,339,729,242.92919921875
2023,2,964,404-555-1864,78.48,257,493,178.58480834960938
2023,2,966,404-555-1866,43.74,569,789,363.83740234375
2023,2,967,404-555-1867,79.61,636,687,387.4961242675781
2023,2,968,404-555-1868,37.09,203,870,188.87091064453125
2023,2,969,404-555-1869,67.44,900,434,494.07440185546875
2023,2,970,404-555-1870,8.39,382,469,237.98388671875
2023,2,971,404-555-1871,65.47,653,190,346.1546936035156
2023,2,972,404-555-1872,97.35,605,219,325.3735046386719
2023,2,973,404-555-1873,5.64,643,711,392.6564025878906
2023,2,974,404-555-1874,11.14,362,81,189.21141052246094
2023,2,976,404-555-1876,54.24,580,642,354.7424011230469
2023,2,977,404-555-1877,83.57,449,833,308.63568115234375
2023,2,978,404-555-1878,0.3,651,999,425.4029846191406
2023,2,980,404-555-1880,61.55,199,867,186.8155059814453
2023,2,981,404-555-1881,32.25,989,832,578.0225219726562
2023,2,982,404-555-1882,97.06,665,830,416.4706115722656
2023,2,983,404-555-1883,18.6,961,79,488.58599853515625
2023,2,984,404-555-1884,58.87,298,933,242.88870239257812
2023,2,985,404-555-1885,79.22,850,780,503.7922058105469
2023,2,986,404-555-1886,87.76,334,295,197.37759399414062
2023,2,987,404-555-1887,85.61,988,417,536.5560913085938
2023,2,988,404-555-1888,54.72,388,606,255.14720153808594
2023,2,989,404-555-1889,37.81,879,546,494.4781188964844
2023,2,990,404-555-1890,64.83,618,651,374.748291015625
2023,2,993,404-555-1893,78.52,722,428,404.5851745605469
2023,2,999,404-555-1899,84.66,615,589,367.24658203125
2023,2,1000,404-555-1900,21.18,296,202,168.41180419921875
2023,2,1001,404-555-1901,48.84,398,675,266.9884033203125
2023,2,1003,404-555-1903,7.61,408,617,265.7760925292969
2023,2,1004,404-555-1904,48.88,360,432,223.6887969970703
2023,2,1005,404-555-1905,12.65,445,998,322.426513671875
2023,2,1008,404-555-1908,7.32,409,773,281.8731994628906
2023,2,1009,404-555-1909,91.04,573,517,339.11041259765625
2023,2,1010,404-555-1910,10.07,666,967,429.80072021484375
2023,2,1011,404-555-1911,91.89,978,253,515.2189331054688
2023,2,1012,404-555-1912,33.32,474,763,313.6332092285156
2023,2,1013,404-555-1913,34.03,400,177,218.04029846191406
2023,2,1014,404-555-1914,43.45,846,255,448.93450927734375
2023,2,1016,404-555-1916,9.41,984,545,546.5941162109375
2023,2,1017,404-555-1917,28.79,952,361,512.3878784179688
2023,2,1018,404-555-1918,15.13,325,922,254.851318359375
2023,2,1019,404-555-1919,57.9,397,611,260.1789855957031
2023,2,1020,404-555-1920,78.56,612,759,382.68560791015625
2023,2,1021,404-555-1921,48.25,719,324,392.38250732421875
2023,2,1023,404-555-1923,76.7,116,966,155.36700439453125
2023,2,1026,404-555-1926,61.6,957,402,519.3159790039062
2023,2,1028,404-555-1928,17.69,811,878,493.4769287109375
2023,2,1029,404-555-1929,76.33,361,474,228.66329956054688
2023,2,1030,404-555-1930,10.42,646,734,396.5041809082031
2023,2,1031,404-555-1931,86.7,133,897,157.06700134277344
2023,2,1032,404-555-1932,16.38,819,565,466.1637878417969
2023,2,1033,404-555-1933,12.53,310,783,233.42530822753906
2023,2,1034,404-555-1934,37.68,183,787,170.57681274414062
2023,2,1035,404-555-1935,75.17,486,589,302.6517028808594
2023,2,1036,404-555-1936,36.39,895,900,537.8638916015625
2023,2,1037,404-555-1937,88.2,762,142,396.0820007324219
2023,2,1038,404-555-1938,39.19,960,778,558.19189453125
2023,2,1039,404-555-1939,54.82,658,977,427.2481994628906
2023,2,1040,404-555-1940,36.26,704,125,364.86260986328125
2023,2,1041,404-555-1941,87.06,350,631,238.97061157226562
2023,2,1042,404-555-1942,65.28,923,979,560.0527954101562
2023,2,1043,404-555-1943,14.27,361,811,261.7427062988281
2023,2,1044,404-555-1944,4.56,380,337,223.74559020996094
2023,2,1045,404-555-1945,60.18,876,908,529.4017944335938
2023,2,1047,404-555-1947,59.67,837,402,459.2967224121094
2023,2,1048,404-555-1948,4.81,938,905,559.548095703125
2023,2,1049,404-555-1949,31.78,690,542,399.517822265625
2023,2,1050,404-555-1950,84.06,474,537,291.5406188964844
2023,2,1051,404-555-1951,35.84,599,395,339.3583984375
2023,2,1052,404-555-1952,64.75,365,292,212.34750366210938
2023,2,1053,404-555-1953,81.12,127,860,150.3112030029297
2023,2,1054,404-555-1954,3.22,444,931,315.1322021484375
2023,2,1055,404-555-1955,1.55,373,113,197.8155059814453
2023,2,1056,404-555-1956,59.93,552,341,310.6993103027344
2023,2,1057,404-555-1957,97.3,916,811,540.072998046875
2023,2,1058,404-555-1958,98.65,776,239,412.8865051269531
2023,2,1059,404-555-1959,32.55,563,731,354.9255065917969
2023,2,1060,404-555-1960,66.73,416,288,237.46730041503906
2023,2,1061,404-555-1961,26.75,329,920,256.76751708984375
2023,2,1062,404-555-1962,56.19,245,300,153.0618896484375
2023,2,1063,404-555-1963,77.26,635,407,358.9726257324219
2023,2,1065,404-555-1965,0.68,513,448,301.3067932128906
2023,2,1067,404-555-1967,13.15,427,708,284.4315185546875
2023,2,1069,404-555-1969,87.04,244,289,151.77040100097656
2023,2,1070,404-555-1970,17.31,753,971,473.7731018066406
2023,2,1072,404-555-1972,16.78,946,63,479.4677734375
2023,2,1075,404-555-1975,46.68,230,768,192.2667999267578
2023,2,1076,404-555-1976,85.71,296,102,159.05709838867188
2023,2,1077,404-555-1977,55.22,494,198,267.3522033691406
2023,2,1078,404-555-1978,23.84,663,819,413.6383972167969
2023,2,1079,404-555-1979,16.18,421,678,278.4617919921875
2023,2,1080,404-555-1980,29.46,244,473,169.5946044921875
2023,2,1081,404-555-1981,61.3,748,663,440.91302490234375
2023,2,1082,404-555-1982,89.24,807,422,446.5924072265625
2023,2,1083,404-555-1983,89.85,494,517,299.5985107421875
2023,2,1084,404-555-1984,19.43,355,192,196.89430236816406
2023,2,1085,404-555-1985,71.35,747,318,406.01348876953125
2023,2,1086,404-555-1986,85.53,532,433,310.1552734375
2023,2,1088,404-555-1988,69.97,969,270,512.19970703125
2023,2,1089,404-555-1989,25.92,798,439,443.1591796875
2023,2,1090,404-555-1990,58.76,679,713,411.3875732421875
2023,2,1091,404-555-1991,63.17,765,744,457.5317077636719
2023,2,1092,404-555-1992,11.8,685,248,367.4179992675781
2023,2,1093,404-555-1993,55.96,643,218,343.8595886230469
2023,2,1094,404-555-1994,4.51,531,444,309.9450988769531
2023,2,1096,404-555-1996,82.42,842,324,454.22418212890625
2023,2,1097,404-555-1997,9.66,299,820,231.5966033935547
2023,2,1098,404-555-1998,37.12,790,685,463.8711853027344
2023,2,1099,404-555-1999,69.31,451,867,312.8930969238281
